[{"model": "sessions.session", "pk": "g91ut2brug3w7zut7zt51nlt340k29fv", "fields": {"session_data": ".eJxVjEEOwiAQRe_C2pCCdAou3fcMZGYYbNVAUtqV8e7apAvd_vfef6mI2zrFrckS56Quylh1-h0J-SFlJ-mO5VY117IuM-ld0QdteqxJntfD_TuYsE3fegAMZEJg6hwNPVgBJ4KAzvfAaCQbpsB5AAkADrxnYy363CGdHXn1_gAOzDhG:1nko0t:ypVS0ctTX2FaZTn3b4lJ9MttjkY9nPQ7jkjZw64RENo", "expire_date": "2022-05-14T14:23:59.338Z"}}, {"model": "sessions.session", "pk": "tjqp6b39kfwtd9wutx9ngvzpahihc1yy", "fields": {"session_data": ".eJxVjEEOwiAQRe_C2pCCdAou3fcMZGYYbNVAUtqV8e7apAvd_vfef6mI2zrFrckS56Quylh1-h0J-SFlJ-mO5VY117IuM-ld0QdteqxJntfD_TuYsE3fegAMZEJg6hwNPVgBJ4KAzvfAaCQbpsB5AAkADrxnYy363CGdHXn1_gAOzDhG:1nqdUs:FowfPrwc2sf7r2hvcVqt4XWKBXi6dwGMHqu0qgjA9xI", "expire_date": "2022-05-30T16:23:02.575Z"}}, {"model": "articleapp.tag", "pk": 1, "fields": {"created_at": "2022-04-20T09:25:41.040Z", "updated_at": "2022-04-20T09:25:41.040Z", "name": "Инженерные системы", "slug": "engineering_systems"}}, {"model": "articleapp.tag", "pk": 2, "fields": {"created_at": "2022-04-20T09:25:41.132Z", "updated_at": "2022-04-20T09:25:41.132Z", "name": "Научно-популярное", "slug": "popular_science"}}, {"model": "articleapp.tag", "pk": 3, "fields": {"created_at": "2022-04-20T09:25:41.236Z", "updated_at": "2022-04-20T09:25:41.236Z", "name": "Экология", "slug": "ecology"}}, {"model": "articleapp.tag", "pk": 4, "fields": {"created_at": "2022-04-20T09:25:41.319Z", "updated_at": "2022-04-20T09:25:41.319Z", "name": "IT-инфраструктура", "slug": "it_infrastructure"}}, {"model": "articleapp.tag", "pk": 5, "fields": {"created_at": "2022-04-20T09:25:41.425Z", "updated_at": "2022-04-20T09:25:41.425Z", "name": "Мессенджеры", "slug": "messengers"}}, {"model": "articleapp.tag", "pk": 6, "fields": {"created_at": "2022-04-20T09:25:41.519Z", "updated_at": "2022-04-20T09:25:41.519Z", "name": "Звук", "slug": "sound"}}, {"model": "articleapp.tag", "pk": 7, "fields": {"created_at": "2022-04-20T09:25:41.610Z", "updated_at": "2022-04-20T09:25:41.610Z", "name": "DevOps", "slug": "devops"}}, {"model": "articleapp.section", "pk": 1, "fields": {"created_at": "2022-04-20T09:25:40.374Z", "updated_at": "2022-04-20T09:25:40.374Z", "name": "Дизайн", "slug": "design"}}, {"model": "articleapp.section", "pk": 2, "fields": {"created_at": "2022-04-20T09:25:40.652Z", "updated_at": "2022-04-20T09:25:40.652Z", "name": "Веб-разработка", "slug": "web_development"}}, {"model": "articleapp.section", "pk": 3, "fields": {"created_at": "2022-04-20T09:25:40.769Z", "updated_at": "2022-04-20T09:25:40.769Z", "name": "Мобильная разработка", "slug": "mobile_development"}}, {"model": "articleapp.section", "pk": 4, "fields": {"created_at": "2022-04-20T09:25:40.861Z", "updated_at": "2022-04-20T09:25:40.861Z", "name": "Маркетинг", "slug": "marketing"}}, {"model": "articleapp.section", "pk": 5, "fields": {"created_at": "2022-04-20T09:25:40.949Z", "updated_at": "2022-04-20T09:25:40.949Z", "name": "Помощь", "slug": "help"}}, {"model": "articleapp.article", "pk": 1, "fields": {"created_at": "2022-04-20T09:26:07.152Z", "updated_at": "2022-04-20T09:26:07.152Z", "author": 9, "title": "Paper Expect Miss Truth Very Picture", "section": 2, "content": "War impact whom military money safe. Travel year cultural career.", "is_active": true, "is_published": true, "tags": []}}, {"model": "articleapp.article", "pk": 2, "fields": {"created_at": "2022-04-20T09:26:08.246Z", "updated_at": "2022-04-20T09:26:08.246Z", "author": 4, "title": "Safe Billion Push Them Wife Expert", "section": 3, "content": "Budget over animal whose. Really conference another age deal enough. Another three who poor.", "is_active": true, "is_published": true, "tags": []}}, {"model": "articleapp.article", "pk": 3, "fields": {"created_at": "2022-04-20T09:26:08.337Z", "updated_at": "2022-04-20T09:26:08.337Z", "author": 10, "title": "Middle Staff Let Just Too Week", "section": 4, "content": "Affect camera toward minute open impact present. Investment bar professor technology identify beyond strong. Simply possible create and still last future.", "is_active": true, "is_published": true, "tags": []}}, {"model": "articleapp.article", "pk": 4, "fields": {"created_at": "2022-04-20T09:26:08.437Z", "updated_at": "2022-04-20T09:26:08.437Z", "author": 6, "title": "Later Level Different Car Pick Oil", "section": 5, "content": "Firm customer any affect tax. Walk yourself than cover along.\nRole rise again represent thus.\nFinal design network card. Personal cover turn across site article yeah.", "is_active": true, "is_published": true, "tags": []}}, {"model": "articleapp.article", "pk": 5, "fields": {"created_at": "2022-04-20T09:26:08.545Z", "updated_at": "2022-04-20T09:26:08.545Z", "author": 6, "title": "Hour Health How A Become Recognize", "section": 2, "content": "Language generation continue personal note. Might like his wife he identify decision actually.\nAmerican including bad law. Our prevent too process month fast. Fast production option.", "is_active": true, "is_published": true, "tags": []}}, {"model": "articleapp.article", "pk": 6, "fields": {"created_at": "2022-04-20T09:26:08.655Z", "updated_at": "2022-04-20T09:26:08.655Z", "author": 9, "title": "Against Teach Them Tell Road Picture", "section": 5, "content": "Nearly reveal his under world way little. Computer general her.\nNot color the ask often rule series Republican. Similar get run fear mind join card. Meeting card this soon still.", "is_active": true, "is_published": true, "tags": []}}, {"model": "articleapp.article", "pk": 7, "fields": {"created_at": "2022-04-20T09:26:09.820Z", "updated_at": "2022-04-20T09:26:09.820Z", "author": 6, "title": "Early He Education Before Artist Apply", "section": 5, "content": "Describe our organization issue because. Mission kid reach available state.\nDirector result white young. Party just remain add.\nBeat against theory hotel management phone.", "is_active": true, "is_published": true, "tags": []}}, {"model": "articleapp.article", "pk": 8, "fields": {"created_at": "2022-04-20T09:26:09.929Z", "updated_at": "2022-04-20T09:26:09.929Z", "author": 8, "title": "Both Record Tend Reflect Marriage First", "section": 2, "content": "Week official begin value blood choice create kid. Operation people under sell miss dark. Himself still check son television Democrat.\nCompare speech eye. Product woman style lawyer two.", "is_active": true, "is_published": true, "tags": []}}, {"model": "articleapp.article", "pk": 9, "fields": {"created_at": "2022-04-20T09:26:10.033Z", "updated_at": "2022-04-20T09:26:10.033Z", "author": 3, "title": "Course Opportunity Economic Manager Court Again", "section": 5, "content": "Let seek camera partner. Threat management few third.\nThink customer family maybe difficult detail type. Cultural house resource others executive understand prevent. Set article hold believe.", "is_active": true, "is_published": true, "tags": []}}, {"model": "articleapp.article", "pk": 10, "fields": {"created_at": "2022-04-20T09:26:10.382Z", "updated_at": "2022-04-20T09:26:10.382Z", "author": 9, "title": "Particularly Remember Project Memory Different Thing", "section": 3, "content": "Get side rest firm art. Soldier itself direction store continue campaign well. City improve especially would second.", "is_active": true, "is_published": true, "tags": []}}, {"model": "articleapp.article", "pk": 11, "fields": {"created_at": "2022-04-20T09:26:10.983Z", "updated_at": "2022-04-20T09:26:10.983Z", "author": 7, "title": "Pick Set Cost Top Seem By", "section": 3, "content": "House it network see window into. Bit trial determine will by education. Respond level believe right product culture tell.\nA admit concern account. Local general exist. Heavy what real.", "is_active": true, "is_published": true, "tags": []}}, {"model": "articleapp.article", "pk": 12, "fields": {"created_at": "2022-04-20T09:26:12.087Z", "updated_at": "2022-04-20T09:26:12.087Z", "author": 7, "title": "Herself Visit Operation Green Majority Develop", "section": 2, "content": "Find four move fly. Hundred rise real make.\nDetail list financial they however address. Alone wind choice guy she leg argue. After receive mission remain their network along.", "is_active": true, "is_published": true, "tags": []}}, {"model": "articleapp.article", "pk": 13, "fields": {"created_at": "2022-04-20T09:26:12.190Z", "updated_at": "2022-04-20T09:26:12.190Z", "author": 2, "title": "Position Pattern Bag Happy Very Growth", "section": 1, "content": "Around movie best should bank more likely. Training attention field of.\nLive less similar head trouble.", "is_active": true, "is_published": true, "tags": []}}, {"model": "articleapp.article", "pk": 14, "fields": {"created_at": "2022-04-20T09:26:12.273Z", "updated_at": "2022-04-20T09:26:12.273Z", "author": 9, "title": "Training Wife State World Administration Here", "section": 5, "content": "Student century firm of role story phone. East parent cold foot. Market exactly strategy stock word happy very.", "is_active": true, "is_published": true, "tags": []}}, {"model": "articleapp.article", "pk": 15, "fields": {"created_at": "2022-04-20T09:26:12.379Z", "updated_at": "2022-04-20T09:26:12.379Z", "author": 8, "title": "Material Health Spend Improve Herself Issue", "section": 2, "content": "In road open surface hair. Race resource nation money recently economic. Much wide like song indeed theory national suddenly. Happen life their all step.", "is_active": true, "is_published": true, "tags": []}}, {"model": "articleapp.article", "pk": 16, "fields": {"created_at": "2022-05-24T11:58:04.007Z", "updated_at": "2022-05-24T11:58:20.425Z", "author": 12, "title": "моя первая статья", "section": 2, "content": "<p>первая статья самая первая статья</p>\r\n\r\n<p>редактирование</p>", "is_active": true, "is_published": true, "tags": [1]}}, {"model": "authapp.user", "pk": 1, "fields": {"password": "ziRvKvSSdSQhkhaTbUIv", "last_login": null, "is_superuser": false, "username": "danielkevin", "first_name": "Cheryl", "last_name": "Santiago", "email": "marvinbautista@example.com", "is_staff": false, "is_active": true, "date_joined": "2022-04-20T09:25:41.703Z", "created_at": "2022-04-20T09:25:41.703Z", "updated_at": "2022-04-20T09:25:41.703Z", "avatar": "users_avatars/image_2LmafDe.gif", "groups": [], "user_permissions": []}}, {"model": "authapp.user", "pk": 2, "fields": {"password": "gyLNoTAFlAmWYVxcLEVr", "last_login": null, "is_superuser": false, "username": "mallory61", "first_name": "Leonard", "last_name": "Holt", "email": "andrea61@example.com", "is_staff": false, "is_active": true, "date_joined": "2022-04-20T09:25:42.021Z", "created_at": "2022-04-20T09:25:42.022Z", "updated_at": "2022-04-20T09:25:42.022Z", "avatar": "users_avatars/image_mqO9Mtq.gif", "groups": [], "user_permissions": []}}, {"model": "authapp.user", "pk": 3, "fields": {"password": "emZEREDifxjMRHPwmlid", "last_login": null, "is_superuser": false, "username": "bryanbailey", "first_name": "Toni", "last_name": "Beard", "email": "kennetherickson@example.net", "is_staff": false, "is_active": true, "date_joined": "2022-04-20T09:25:42.342Z", "created_at": "2022-04-20T09:25:42.342Z", "updated_at": "2022-04-20T09:25:42.342Z", "avatar": "users_avatars/image_8vpiW7b.gif", "groups": [], "user_permissions": []}}, {"model": "authapp.user", "pk": 4, "fields": {"password": "dvEAHNklWXDPHBNjFEhs", "last_login": null, "is_superuser": false, "username": "hendrixross", "first_name": "Ray", "last_name": "Russell", "email": "pamtravis@example.net", "is_staff": false, "is_active": true, "date_joined": "2022-04-20T09:25:42.591Z", "created_at": "2022-04-20T09:25:42.591Z", "updated_at": "2022-04-20T09:25:42.591Z", "avatar": "users_avatars/image_JnxuDid.gif", "groups": [], "user_permissions": []}}, {"model": "authapp.user", "pk": 5, "fields": {"password": "NixSQJGaHNELXfKBoZiU", "last_login": null, "is_superuser": false, "username": "oklein", "first_name": "Bryan", "last_name": "Pitts", "email": "ikey@example.net", "is_staff": false, "is_active": true, "date_joined": "2022-04-20T09:25:42.868Z", "created_at": "2022-04-20T09:25:42.869Z", "updated_at": "2022-04-20T09:25:42.869Z", "avatar": "users_avatars/image_Yy2RxqZ.gif", "groups": [], "user_permissions": []}}, {"model": "authapp.user", "pk": 6, "fields": {"password": "ZeCYDmNiAyKxpxKRKkjV", "last_login": null, "is_superuser": false, "username": "deanroth", "first_name": "Corey", "last_name": "Hebert", "email": "scottnicholson@example.org", "is_staff": false, "is_active": true, "date_joined": "2022-04-20T09:25:46.612Z", "created_at": "2022-04-20T09:25:46.613Z", "updated_at": "2022-04-20T09:25:46.613Z", "avatar": "users_avatars/image_dOnx6gB.gif", "groups": [], "user_permissions": []}}, {"model": "authapp.user", "pk": 7, "fields": {"password": "NKvxhsARbYtUNcsMaJzB", "last_login": null, "is_superuser": false, "username": "erica53", "first_name": "Hayden", "last_name": "Roberson", "email": "villaethan@example.com", "is_staff": false, "is_active": true, "date_joined": "2022-04-20T09:25:53.306Z", "created_at": "2022-04-20T09:25:53.308Z", "updated_at": "2022-04-20T09:25:53.308Z", "avatar": "users_avatars/image_H4xkH2e.gif", "groups": [], "user_permissions": []}}, {"model": "authapp.user", "pk": 8, "fields": {"password": "tMWCMoIMrRMZTlpfYuVw", "last_login": null, "is_superuser": false, "username": "billyspence", "first_name": "Dwayne", "last_name": "Herrera", "email": "ellensavage@example.org", "is_staff": false, "is_active": true, "date_joined": "2022-04-20T09:25:58.894Z", "created_at": "2022-04-20T09:25:58.895Z", "updated_at": "2022-04-20T09:25:58.895Z", "avatar": "users_avatars/image_Hklbw94.gif", "groups": [], "user_permissions": []}}, {"model": "authapp.user", "pk": 9, "fields": {"password": "BuXcCxkiPFGmHFMUCZbH", "last_login": null, "is_superuser": false, "username": "blankenshipedward", "first_name": "Preston", "last_name": "Castillo", "email": "jacksonh@example.com", "is_staff": false, "is_active": true, "date_joined": "2022-04-20T09:26:02.002Z", "created_at": "2022-04-20T09:26:02.003Z", "updated_at": "2022-04-21T07:26:37.260Z", "avatar": "users_avatars/image_CpSH6Yi.gif", "groups": [], "user_permissions": []}}, {"model": "authapp.user", "pk": 10, "fields": {"password": "JyxcCKXJeMQEHIsuFHRY", "last_login": null, "is_superuser": false, "username": "jade99", "first_name": "Alejandra", "last_name": "Green", "email": "bclements@example.org", "is_staff": false, "is_active": true, "date_joined": "2022-04-20T09:26:05.734Z", "created_at": "2022-04-20T09:26:05.735Z", "updated_at": "2022-04-20T09:26:05.735Z", "avatar": "users_avatars/image_oiUrrv7.gif", "groups": [], "user_permissions": []}}, {"model": "authapp.user", "pk": 11, "fields": {"password": "pbkdf2_sha256$320000$eBO0IHY2dpoqUAjuf7sGLI$utCGeMtGb3Z/RJtyHBGG5Bq1YD6bJvZWWBvm74GAbX4=", "last_login": null, "is_superuser": true, "username": "admin", "first_name": "admin", "last_name": "", "email": "", "is_staff": true, "is_active": true, "date_joined": "2022-04-20T09:26:12.466Z", "created_at": "2022-04-20T09:26:12.683Z", "updated_at": "2022-04-20T09:26:12.683Z", "avatar": "", "groups": [], "user_permissions": []}}, {"model": "authapp.user", "pk": 12, "fields": {"password": "pbkdf2_sha256$320000$Ass06bm8zz8g02RNWycNT3$80l+a+Rgw6KmcBhpnJjBnTgDMsa7GYcvE8lFz+75MVo=", "last_login": "2022-05-16T16:23:02.380Z", "is_superuser": false, "username": "test_user2", "first_name": "Тест2", "last_name": "asdf", "email": "test_user2@mail.com", "is_staff": false, "is_active": true, "date_joined": "2022-04-20T09:28:18.591Z", "created_at": "2022-04-20T09:28:19.035Z", "updated_at": "2022-05-05T07:04:18.080Z", "avatar": "users_avatars/habr_125.png", "groups": [], "user_permissions": []}}, {"model": "authapp.user", "pk": 13, "fields": {"password": "pbkdf2_sha256$320000$RSK7e4kAIEUcIiE0U2fYfG$BQjS15Tcb/+jTm+rv9TIC/PtkioFHNziKW7cvwudtWc=", "last_login": "2022-04-30T13:12:17.921Z", "is_superuser": false, "username": "test_user3", "first_name": "n", "last_name": "Yaroslavtsyev", "email": "yarik.mik@gmail.com", "is_staff": false, "is_active": true, "date_joined": "2022-04-20T09:32:38.371Z", "created_at": "2022-04-20T09:32:38.563Z", "updated_at": "2022-04-30T12:57:05.152Z", "avatar": "users_avatars/agile.jpg", "groups": [], "user_permissions": []}}, {"model": "authapp.user", "pk": 14, "fields": {"password": "pbkdf2_sha256$320000$jJeOyhoQTQSETP3PwiaLrN$vfjGavUV8wG26M1hIG3ZApZXqvMs6+ZxH8VeU9jlgNc=", "last_login": "2022-04-30T13:13:40.085Z", "is_superuser": false, "username": "test_user4", "first_name": "Тест4", "last_name": "sdfsdds", "email": "test_user4@mail.com", "is_staff": false, "is_active": true, "date_joined": "2022-04-21T08:07:14.082Z", "created_at": "2022-04-21T08:07:14.320Z", "updated_at": "2022-04-30T13:09:47.016Z", "avatar": "users_avatars/agile_Ag9Ypar.jpg", "groups": [], "user_permissions": []}}, {"model": "authapp.user", "pk": 15, "fields": {"password": "pbkdf2_sha256$320000$oqXhY5IK5SXD4p2vsS2xer$pKBJLL486FK0kTRQSNXiBazpGVXMr2Tu07pEnPcu2Ws=", "last_login": "2022-04-30T13:12:30.285Z", "is_superuser": false, "username": "test_user5", "first_name": "Тест5", "last_name": "", "email": "test_user5@mail.com", "is_staff": false, "is_active": true, "date_joined": "2022-04-21T08:08:39.138Z", "created_at": "2022-04-21T08:08:39.342Z", "updated_at": "2022-04-21T08:08:39.342Z", "avatar": "", "groups": [], "user_permissions": []}}, {"model": "authapp.user", "pk": 16, "fields": {"password": "pbkdf2_sha256$320000$39Dxv5RLzt5Op4oKzDX19m$RKqawbL+CjdA2Dv0z6lCMrS5ytlaB+FI6UsJQSmFFBM=", "last_login": "2022-04-21T09:12:03.022Z", "is_superuser": false, "username": "test_user6", "first_name": "Тест6", "last_name": "", "email": "test_user6@mail.com", "is_staff": false, "is_active": true, "date_joined": "2022-04-21T08:15:46.461Z", "created_at": "2022-04-21T08:15:46.662Z", "updated_at": "2022-04-21T08:15:46.662Z", "avatar": "", "groups": [], "user_permissions": []}}, {"model": "authapp.user", "pk": 17, "fields": {"password": "pbkdf2_sha256$320000$49HRtXl7Bn0cj5TGyg3nxn$pKYWAG8+mTSVyC7H16kv+jZ0fIS3H9CfNvULtUG9PGE=", "last_login": "2022-04-30T13:24:10.496Z", "is_superuser": false, "username": "test_user7", "first_name": "Тест7", "last_name": "fdsfda", "email": "test_user7@mail.com", "is_staff": false, "is_active": true, "date_joined": "2022-04-21T08:42:20.107Z", "created_at": "2022-04-21T08:42:20.312Z", "updated_at": "2022-04-30T13:24:25.164Z", "avatar": "users_avatars/pexels-tatiana-syrikova-3933030.jpg", "groups": [], "user_permissions": []}}, {"model": "authapp.userprofile", "pk": 1, "fields": {"user": 1, "birthday": null, "about_me": "", "gender": ""}}, {"model": "authapp.userprofile", "pk": 2, "fields": {"user": 2, "birthday": null, "about_me": "", "gender": ""}}, {"model": "authapp.userprofile", "pk": 3, "fields": {"user": 3, "birthday": null, "about_me": "", "gender": ""}}, {"model": "authapp.userprofile", "pk": 4, "fields": {"user": 4, "birthday": null, "about_me": "", "gender": ""}}, {"model": "authapp.userprofile", "pk": 5, "fields": {"user": 5, "birthday": null, "about_me": "", "gender": ""}}, {"model": "authapp.userprofile", "pk": 6, "fields": {"user": 6, "birthday": null, "about_me": "", "gender": ""}}, {"model": "authapp.userprofile", "pk": 7, "fields": {"user": 7, "birthday": null, "about_me": "", "gender": ""}}, {"model": "authapp.userprofile", "pk": 8, "fields": {"user": 8, "birthday": null, "about_me": "", "gender": ""}}, {"model": "authapp.userprofile", "pk": 9, "fields": {"user": 9, "birthday": null, "about_me": "", "gender": ""}}, {"model": "authapp.userprofile", "pk": 10, "fields": {"user": 10, "birthday": null, "about_me": "", "gender": ""}}, {"model": "authapp.userprofile", "pk": 11, "fields": {"user": 11, "birthday": null, "about_me": "", "gender": ""}}, {"model": "authapp.userprofile", "pk": 12, "fields": {"user": 12, "birthday": "2022-04-08", "about_me": "", "gender": "M"}}, {"model": "authapp.userprofile", "pk": 13, "fields": {"user": 13, "birthday": null, "about_me": "", "gender": ""}}, {"model": "authapp.userprofile", "pk": 14, "fields": {"user": 14, "birthday": null, "about_me": "", "gender": ""}}, {"model": "authapp.userprofile", "pk": 15, "fields": {"user": 15, "birthday": null, "about_me": "", "gender": ""}}, {"model": "authapp.userprofile", "pk": 16, "fields": {"user": 16, "birthday": null, "about_me": "", "gender": ""}}, {"model": "authapp.userprofile", "pk": 17, "fields": {"user": 17, "birthday": "1986-02-04", "about_me": "", "gender": "M"}}, {"model": "commentapp.comment", "pk": 1, "fields": {"created_at": "2022-04-30T10:11:15.531Z", "updated_at": "2022-04-30T10:11:15.531Z", "user": 12, "content": "asdf", "parent": null, "article": 3}}, {"model": "commentapp.comment", "pk": 2, "fields": {"created_at": "2022-05-08T09:40:12.472Z", "updated_at": "2022-05-08T09:40:12.472Z", "user": 12, "content": "asdfasdfasd", "parent": null, "article": 15}}, {"model": "commentapp.comment", "pk": 3, "fields": {"created_at": "2022-05-08T14:49:12.221Z", "updated_at": "2022-05-08T14:49:12.221Z", "user": 12, "content": "test_user2, ывапыапв", "parent": 1, "article": 3}}, {"model": "likeapp.likedislike", "pk": 6, "fields": {"vote": -1, "user": 12, "content_type": 6, "object_id": 13}}, {"model": "likeapp.likedislike", "pk": 7, "fields": {"vote": -1, "user": 12, "content_type": 6, "object_id": 11}}, {"model": "likeapp.likedislike", "pk": 42, "fields": {"vote": 1, "user": 12, "content_type": 9, "object_id": 7}}, {"model": "likeapp.likedislike", "pk": 43, "fields": {"vote": 1, "user": 12, "content_type": 6, "object_id": 12}}, {"model": "likeapp.likedislike", "pk": 45, "fields": {"vote": 1, "user": 12, "content_type": 6, "object_id": 14}}, {"model": "likeapp.likedislike", "pk": 51, "fields": {"vote": 1, "user": 12, "content_type": 9, "object_id": 9}}, {"model": "likeapp.likedislike", "pk": 57, "fields": {"vote": 1, "user": 12, "content_type": 11, "object_id": 3}}, {"model": "likeapp.likedislike", "pk": 58, "fields": {"vote": 1, "user": 12, "content_type": 11, "object_id": 1}}, {"model": "likeapp.likedislike", "pk": 59, "fields": {"vote": 1, "user": 12, "content_type": 6, "object_id": 3}}, {"model": "likeapp.likedislike", "pk": 81, "fields": {"vote": 1, "user": 12, "content_type": 9, "object_id": 8}}, {"model": "likeapp.likedislike", "pk": 82, "fields": {"vote": -1, "user": 12, "content_type": 9, "object_id": 12}}, {"model": "likeapp.likedislike", "pk": 84, "fields": {"vote": -1, "user": 12, "content_type": 9, "object_id": 2}}, {"model": "likeapp.likedislike", "pk": 85, "fields": {"vote": 1, "user": 12, "content_type": 6, "object_id": 9}}, {"model": "likeapp.likedislike", "pk": 89, "fields": {"vote": -1, "user": 12, "content_type": 11, "object_id": 2}}, {"model": "notificationapp.notification", "pk": 4, "fields": {"created_at": "2022-05-21T12:44:57.012Z", "updated_at": "2022-05-21T12:44:57.012Z", "user": 8, "read": false, "content_type": 12, "object_id": 81}}, {"model": "notificationapp.notification", "pk": 5, "fields": {"created_at": "2022-05-21T12:44:57.913Z", "updated_at": "2022-05-21T12:44:57.913Z", "user": 8, "read": false, "content_type": 12, "object_id": 81}}, {"model": "notificationapp.notification", "pk": 8, "fields": {"created_at": "2022-05-21T12:46:27.750Z", "updated_at": "2022-05-21T12:46:27.750Z", "user": 3, "read": false, "content_type": 12, "object_id": 85}}, {"model": "notificationapp.notification", "pk": 9, "fields": {"created_at": "2022-05-21T12:46:28.906Z", "updated_at": "2022-05-21T12:46:28.906Z", "user": 3, "read": false, "content_type": 12, "object_id": 85}}, {"model": "notificationapp.notification", "pk": 17, "fields": {"created_at": "2022-05-21T13:17:49.626Z", "updated_at": "2022-05-21T13:17:49.626Z", "user": 12, "read": false, "content_type": 12, "object_id": 89}}]